{
  "lt_content": {
    "precision": 0.8795681063122923,
    "recall": 0.574295010845987,
    "f1-score": 0.6948818897637796,
    "support": 1844,
    "confused_with": {}
  },
  "micro avg": {
    "precision": 0.8795681063122923,
    "recall": 0.574295010845987,
    "f1-score": 0.6948818897637796,
    "support": 1844
  },
  "macro avg": {
    "precision": 0.8795681063122923,
    "recall": 0.574295010845987,
    "f1-score": 0.6948818897637796,
    "support": 1844
  },
  "weighted avg": {
    "precision": 0.8795681063122923,
    "recall": 0.574295010845987,
    "f1-score": 0.6948818897637796,
    "support": 1844
  },
  "accuracy": 0.6147473073736537
}